John,1234567890,Test note 1
Doe,9876543210,Test note 2
Alice,5556667777,Test note 3
Bob,8889991111,Test note 4
Priya,9998887776,Test note 5
Alex,7775553332,Test note 6
Maria,6664442223,Test note 7
David,4445556667,Test note 8
Nina,3332221118,Test note 9
Tom,2221113339,Test note 10
Harry,1113332224,Test note 11
Sara,9997775552,Test note 12
Liam,7774449990,Test note 13
Emma,6663337775,Test note 14
Oliver,5558886661,Test note 15
Sophia,4446663337,Test note 16
Mason,3339995553,Test note 17
Isabella,2225551116,Test note 18
Ethan,1117774448,Test note 19
Ava,9992228885,Test note 20
Lucas,8885554449,Test note 21
Mia,7771113330,Test note 22
Noah,6668887774,Test note 23
Charlotte,5552229997,Test note 24
James,4443336662,Test note 25
